week,selected_stocks,gross_return,selected_count,market_return,market_volatility,previous_market_volatility,entry_cost,exit_cost,total_cost,net_return,gross_equity,net_equity
2023-01-06,"JNJ, TSLA",0.02238733679177235,2,0.04539794969668067,0.047890508898452804,,0.001,0.001,0.002,0.020387336791772348,1.0223873367917724,1.0203873367917724
2023-01-13,"AMZN, BRK.B",-0.016664218326065183,2,0.008852544366258753,0.043195683184534164,0.047890508898452804,0.001,0.001,0.002,-0.018664218326065185,1.0053500509976698,1.0013426047607386
2023-01-20,"META, V",0.06027158264632959,2,0.06440345816968338,0.09854848446890324,0.043195683184534164,0.001,0.001,0.002,0.05827158264632959,1.0659440896848675,1.059692423111345
2023-01-27,"META, JNJ",0.10387782599813955,2,0.04388320099986916,0.07201481166950767,0.09854848446890324,0.001,0.001,0.002,0.10187782599813955,1.1766720443568974,1.1676515834046295
2023-02-03,"BRK.B, V",-0.003162658699577048,2,-0.02076802383869052,0.041066848316364014,0.07201481166950767,0.001,0.001,0.002,-0.005162658699577048,1.172950632279263,1.1616233967994907
2023-02-10,"V, BRK.B",-0.010672758782085456,2,0.002110449127623004,0.021473984947857936,0.041066848316364014,0.001,0.001,0.002,-0.012672758782085456,1.160432013117652,1.146902423696224
2023-02-17,"META, BRK.B",-0.014046754691904584,2,-0.030359805600084343,0.016677902248295903,0.021473984947857936,0.001,0.001,0.002,-0.016046754691904586,1.1441317092927554,1.1284983618476199
2023-02-24,"BRK.B, META",0.05746995690630663,2,0.026513921157718834,0.02692254428217646,0.016677902248295903,0.001,0.001,0.002,0.05546995690630663,1.209884909320949,1.191096117348145
2023-03-03,"V, JNJ",-0.024872442788160087,2,-0.04209327707968041,0.03231334209671133,0.02692254428217646,0.001,0.001,0.002,-0.02687244278816009,1.1797921161336054,1.1590884550795073
2023-03-10,"JNJ, TSLA",0.02182570888918267,2,0.0426824531279986,0.06337241769699507,0.03231334209671133,0.001,0.001,0.002,0.01982570888918267,1.2055419154100901,1.1820682053667262
2023-03-17,"JNJ, META",0.027469308759115574,2,0.020733205162314406,0.023820299240551318,0.06337241769699507,0.001,0.001,0.002,0.025469308759115572,1.2386573185065455,1.212174665463545
2023-03-24,"META, JNJ",0.02208991608783495,2,0.032283676298349454,0.02717221061242539,0.023820299240551318,0.001,0.001,0.002,0.020089916087834947,1.2660191547339377,1.236527152776507
2023-03-31,"JNJ, BRK.B",0.038798137374766895,2,0.002078164911255442,0.04589724402361456,0.02717221061242539,0.001,0.001,0.002,0.03679813737476689,1.3151383398183913,1.282029048812006
2023-04-07,"V, BRK.B",0.02933377351067612,2,0.016897361591387106,0.029408374814613857,0.04589724402361456,0.001,0.001,0.002,0.027333773510676118,1.3537163100138307,1.3170717404663408
2023-04-14,"META, AAPL",-0.01998892159368787,2,-0.012881573417408842,0.0409294376569362,0.029408374814613857,0.001,0.001,0.002,-0.02198892159368787,1.3266569808328676,1.2881107532319642
2023-04-21,"V, MSFT",0.03479924117422156,2,0.022906494821866196,0.04579687284267226,0.0409294376569362,0.001,0.001,0.002,0.03279924117422156,1.3728236370643352,1.3303598084863275
2023-04-28,"BRK.B, V",-0.009147930538764892,2,-0.0012297458733640965,0.019698668961300028,0.04579687284267226,0.001,0.001,0.002,-0.011147930538764892,1.360265141790496,1.3155290497497574
2023-05-05,"V, JNJ",-0.005729651683320236,2,0.010397837504990381,0.03993221368161771,0.019698668961300028,0.001,0.001,0.002,-0.007729651683320236,1.3524712963310743,1.3053604684159026
2023-05-12,"V, JPM",0.023111631853130588,2,0.03286665863076904,0.024657902220691072,0.03993221368161771,0.001,0.001,0.002,0.021111631853130586,1.3837291150238045,1.3329187580607291
2023-05-19,"V, AAPL",-0.017016795258138595,2,0.0131950588352442,0.03976124045388366,0.024657902220691072,0.001,0.001,0.002,-0.019016795258138597,1.3601824799807192,1.307570914942956
2023-05-26,"AAPL, META",0.035901471691742404,2,0.030921966921488762,0.02962180160886893,0.03976124045388366,0.001,0.001,0.002,0.0339014716917424,1.409015032781351,1.3518994933008401
2023-06-02,"JNJ, META",-0.004365982449045791,2,0.008031621010678603,0.050198307535994635,0.02962180160886893,0.001,0.001,0.002,-0.006365982449045791,1.402863297877786,1.3432933248536132
2023-06-09,"AAPL, JNJ",0.024128356863996503,2,0.02986467389320544,0.0206765584101152,0.050198307535994635,0.001,0.001,0.002,0.0221283568639965,1.4367120841603842,1.3730181989189982
2023-06-16,"AMZN, META",0.02905452177597112,2,-0.0007904316597565741,0.020138666026703483,0.0206765584101152,0.001,0.001,0.002,0.02705452177597112,1.478455066695423,1.4101645496804567
2023-06-23,"AAPL, BRK.B",0.02810111170878571,2,0.015539932053075222,0.021326871180433242,0.020138666026703483,0.001,0.001,0.002,0.026101111708785707,1.5200012976810513,1.4469714121194357
2023-06-30,"BRK.B, TSLA",0.024034904901554244,2,-0.0015523362816874386,0.021929735930234735,0.021326871180433242,0.001,0.001,0.002,0.022034904901554242,1.5565343843210544,1.4788552895807552
2023-07-07,"BRK.B, V",0.01446773906501031,2,0.027020640694836673,0.02114471579910625,0.021929735930234735,0.001,0.001,0.002,0.01246773906501031,1.5790539176391278,1.4972932714461582
2023-07-14,"BRK.B, TSLA",-0.031110096558860156,2,-0.010196965564206361,0.04202094758944872,0.02114471579910625,0.001,0.001,0.002,-0.03311009655886016,1.5299293977897281,1.4477177466516442
2023-07-21,"BRK.B, AAPL",0.01599004283451111,2,0.029193580716234645,0.04267192329595567,0.04202094758944872,0.001,0.001,0.002,0.013990042834511109,1.5543930343941634,1.4679713799395828
2023-07-28,"BRK.B, V",0.0071289496438106115,2,-0.019514234967830047,0.03632924533405812,0.04267192329595567,0.001,0.001,0.002,0.005128949643810611,1.5654742240630493,1.4755005312258482
2023-08-04,"JPM, BRK.B",0.00691186622002915,2,-0.006425742498798492,0.023596178789177864,0.03632924533405812,0.001,0.001,0.002,0.00491186622002915,1.576294572470677,1.4827479924428115
2023-08-11,"JPM, MSFT",-0.02375254446556574,2,-0.03244402911563991,0.03252176320756176,0.023596178789177864,0.001,0.001,0.002,-0.02575254446556574,1.5388535655472373,1.4445634588361997
2023-08-18,"BRK.B, V",0.014016578542440983,2,0.016454432997109046,0.03595829871869974,0.03252176320756176,0.001,0.001,0.002,0.012016578542440983,1.5604230274140454,1.4619221690988453
2023-08-25,"BRK.B, V",0.02059242434933506,2,0.022923586023416563,0.0264503560931987,0.03595829871869974,0.001,0.001,0.002,0.018592424349335057,1.5925559205590294,1.4891028464324316
2023-09-01,"JNJ, BRK.B",0.0012011870940840108,2,-0.0038292748609023543,0.022052092698006086,0.0264503560931987,0.001,0.001,0.002,-0.0007988129059159892,1.594468878177412,1.4879133318604651
2023-09-08,"JNJ, V",-0.009804875767199794,2,0.013349147463314892,0.036411850763277666,0.022052092698006086,0.001,0.001,0.002,-0.011804875767199794,1.578835308912216,1.470348699825492
2023-09-15,"JNJ, BRK.B",-0.013408011697599254,2,-0.035757998412245376,0.03507077727425334,0.036411850763277666,0.001,0.001,0.002,-0.015408011697599254,1.5576662666217385,1.447693549859031
2023-09-22,"JNJ, BRK.B",-0.0284858421431588,2,-0.009308837090378863,0.016447362257659675,0.03507077727425334,0.001,0.001,0.002,-0.030485842143158803,1.513294831239028,1.4035593928263594
2023-09-29,"BRK.B, JNJ",0.0004151118616392835,2,0.025362866442396104,0.02109905086920071,0.016447362257659675,0.001,0.001,0.002,-0.0015848881383607166,1.5139230178736327,1.4013349081931843
2023-10-06,"BRK.B, V",0.003790228868123968,2,0.0005891754089865752,0.01541011980344209,0.02109905086920071,0.001,0.001,0.002,0.0017902288681239682,1.5196611326000946,1.4038436183997416
2023-10-13,"JNJ, BRK.B",-0.025646240468934378,2,-0.03635033179322407,0.04320404023951976,0.01541011980344209,0.001,0.001,0.002,-0.02764624046893438,1.4806875377621393,1.3650326201446834
2023-10-20,"JNJ, MSFT",-0.01937707475514644,2,-0.0285715950771142,0.03374530615231119,0.04320404023951976,0.001,0.001,0.002,-0.02137707475514644,1.4519961446539085,1.335852215780637
2023-10-27,"MSFT, V",0.06610477294216177,2,0.059924815807627894,0.012005755295593048,0.03374530615231119,0.001,0.001,0.002,0.06410477294216177,1.5479800201091494,1.4214867187575384
2023-11-03,"MSFT, JNJ",0.010396176101382826,2,0.019044640190605998,0.029593727699085963,0.012005755295593048,0.001,0.001,0.002,0.008396176101382826,1.5640730929996263,1.4334217715740036
2023-11-10,"JNJ, META",0.018160275281084104,2,0.02649200566343146,0.025105663136218283,0.029593727699085963,0.001,0.001,0.002,0.016160275281084102,1.5924770909282362,1.4565862619965388
2023-11-17,"V, JNJ",0.02261934071789462,2,0.011774244247141175,0.007824695787104381,0.025105663136218283,0.001,0.001,0.002,0.02061934071789462,1.6284978728333834,1.4866201104176502
2023-11-24,"JPM, BRK.B",0.003012271066634764,2,-0.0006666232087945145,0.024472104755369765,0.007824695787104381,0.001,0.001,0.002,0.001012271066634764,1.6334033498577956,1.4881249729425032
2023-12-01,"V, BRK.B",-0.006971487238973617,2,0.006617211272119461,0.016957478947855497,0.024472104755369765,0.001,0.001,0.002,-0.008971487238973617,1.6220160992481651,1.4747742787377516
2023-12-08,"V, BRK.B",0.009320319198861338,2,0.011164341832949686,0.018692555567372798,0.016957478947855497,0.001,0.001,0.002,0.007320319198861338,1.63713380703885,1.4855700972043824
2023-12-15,"V, MSFT",0.005967672496777543,2,0.0148232491341721,0.027023840879332593,0.018692555567372798,0.001,0.001,0.002,0.003967672496777543,1.6469036854326602,1.4914643528210956
2023-12-22,"V, MSFT",0.005663518355911168,2,-0.0006136248002434397,0.010227122398199475,0.027023840879332593,0.001,0.001,0.002,0.003663518355911168,1.656230954685526,1.496928359854843
2023-12-29,"BRK.B, V",0.011251367109461063,2,-0.013383668812214455,0.031065430586783637,0.010227122398199475,0.001,0.001,0.002,0.009251367109461063,1.6748658171747464,1.5107769936484239
2024-01-05,"V, MSFT",0.03679706069169453,2,0.018478585404367566,0.04495330579485534,0.031065430586783637,0.001,0.001,0.002,0.034797060691694526,1.7364959562997702,1.5633475923880238
2024-01-12,"BRK.B, V",0.017371875260655534,2,0.011853892566911306,0.018941038696299664,0.04495330579485534,0.001,0.001,0.002,0.015371875260655534,1.7666621474432425,1.5873791765672587
2024-01-19,"JPM, BRK.B",0.030866068163493132,2,0.0010521622758429938,0.052367133065779,0.018941038696299664,0.001,0.001,0.002,0.02886606816349313,1.8211920617080888,1.6332005720793588
2024-01-26,"JNJ, V",0.008183079939298121,2,0.0274224616066583,0.07388000657730509,0.052367133065779,0.001,0.001,0.002,0.006183079939298121,1.8360950219338612,1.6432987817734328
2024-02-02,"JNJ, JPM",0.0012802339409875296,2,0.013881389381662678,0.017608077074515574,0.07388000657730509,0.001,0.001,0.002,-0.0007197660590124704,1.838445653099819,1.6421159910854957
2024-02-09,"JPM, JNJ",0.014606425512872057,2,-0.005713347560909765,0.030764560685904472,0.017608077074515574,0.001,0.001,0.002,0.012606425512872057,1.865298772591285,1.6628172040106113
2024-02-16,"V, JNJ",0.02594207569381579,2,0.01645557064755766,0.021950516646367806,0.030764560685904472,0.001,0.001,0.002,0.02394207569381579,1.9136884945414299,1.7026284993740124
2024-02-23,"META, V",0.018097077288612984,2,0.004432879607556206,0.029718523894446666,0.021950516646367806,0.001,0.001,0.002,0.016097077288612982,1.9483206631334753,1.7300358419222313
2024-03-01,"JNJ, V",-0.013527912423061283,2,-0.024918270988509628,0.04230141803075947,0.029718523894446666,0.001,0.001,0.002,-0.015527912423061284,1.921963951830565,1.7031719968801058
2024-03-08,"V, META",-0.016236635423537205,2,-0.0011109972663013723,0.03234464681071874,0.04230141803075947,0.001,0.001,0.002,-0.018236635423537206,1.890757723847511,1.6721118701094253
2024-03-15,"V, JPM",0.01699398858441259,2,0.02419160340869041,0.02698948563188178,0.03234464681071874,0.001,0.001,0.002,0.01499398858441259,1.9228892390224657,1.6971834964017067
2024-03-22,"V, META",-0.0309272956175502,2,0.0012789691565207816,0.023309640658666194,0.02698948563188178,0.001,0.001,0.002,-0.0329272956175502,1.8634194750874118,1.6412998336984603
2024-03-29,"JNJ, V",-0.021808117768699842,2,0.00041706765888765984,0.03909269633529917,0.023309640658666194,0.001,0.001,0.002,-0.023808117768699844,1.8227818037222168,1.6022235739640198
2024-04-05,"V, JPM",-0.03925225060218013,2,-0.006652057259871891,0.037527277193450274,0.03909269633529917,0.001,0.001,0.002,-0.04125225060218013,1.7512335155694183,1.5361282455701353
2024-04-12,"V, JPM",-0.0029638224913643985,2,-0.04035842226413812,0.04639356320383966,0.037527277193450274,0.001,0.001,0.002,-0.0049638224913643985,1.7460431702883425,1.528503177635154
2024-04-19,"V, TSLA",0.08100533352447559,2,0.029412425108274833,0.0631172415192411,0.04639356320383966,0.001,0.001,0.002,0.07900533352447558,1.8874819796456825,1.6492630809774402
2024-04-26,"BRK.B, V",-0.012512337643954763,2,0.01705033447358577,0.03880513635280332,0.0631172415192411,0.001,0.001,0.002,-0.014512337643954763,1.8638651678194755,1.6253284182825865
2024-05-03,"V, BRK.B",0.0367574576940195,2,0.013926505305701487,0.03517539850074047,0.03880513635280332,0.001,0.001,0.002,0.0347574576940195,1.9323761128729564,1.6818207020199312
2024-05-10,"JNJ, BRK.B",0.021709824316624604,2,0.01990093443110308,0.023060417808320917,0.03517539850074047,0.001,0.001,0.002,0.019709824316624602,1.9743276587970704,1.7149690925888061
2024-05-17,"JNJ, META",-0.014272608121503938,2,-0.008452853220783152,0.020269556331769377,0.023060417808320917,0.001,0.001,0.002,-0.01627260812150394,1.9461488538196137,1.6870620726046175
2024-05-24,"V, MSFT",-0.021168080152635993,2,-0.0074069445236943365,0.017126791406660197,0.020269556331769377,0.001,0.001,0.002,-0.023168080152635995,1.9049526188929995,1.6479760832840415
2024-05-31,"V, BRK.B",0.010575803278718987,2,0.016437546120926648,0.02181923592237254,0.017126791406660197,0.001,0.001,0.002,0.008575803278718987,1.9250990230456921,1.6621088019823196
2024-06-07,"V, BRK.B",-0.02425778225382913,2,0.007132245588232444,0.034631032266549434,0.02181923592237254,0.001,0.001,0.002,-0.02625778225382913,1.8784003901275905,1.618465510977695
2024-06-14,"JNJ, BRK.B",0.016058303736670276,2,0.010978792252258429,0.018007603261124116,0.034631032266549434,0.001,0.001,0.002,0.014058303736670276,1.908564314131339,1.6412183907183449
2024-06-21,"BRK.B, JNJ",-0.012148237969720699,2,0.010494610310891272,0.03372024656835871,0.018007603261124116,0.001,0.001,0.002,-0.014148237969720699,1.885378620662755,1.6179980423661797
2024-06-28,"JNJ, BRK.B",0.006465876474352927,2,0.06050359594752115,0.07767834617432816,0.03372024656835871,0.001,0.001,0.002,0.004465876474352927,1.8975692459313465,1.6252238217591322
2024-07-05,"JNJ, BRK.B",0.027742659203291442,2,-0.0117935218033981,0.03210061005200144,0.07767834617432816,0.001,0.001,0.002,0.02574265920329144,1.9502128628358666,1.6670614047317485
2024-07-12,"JNJ, JPM",0.027854525790214413,2,-0.016407014144639097,0.03299238571882375,0.03210061005200144,0.001,0.001,0.002,0.02585452579021441,2.0045351173201365,1.7101624868142564
2024-07-19,"JNJ, TSLA",-0.021319834315885244,2,-0.01882711998088521,0.03480609331615863,0.03299238571882375,0.001,0.001,0.002,-0.023319834315885246,1.9617987607384975,1.6702817809685058
2024-07-26,"TSLA, JPM",-0.058454568130658247,2,-0.015351987549320555,0.042864824590136456,0.03480609331615863,0.001,0.001,0.002,-0.06045456813065825,1.847122661420268,1.569305617243548
2024-08-02,"BRK.B, TSLA",-0.014603188440311332,2,-0.0026307292166185214,0.02951077839003064,0.042864824590136456,0.001,0.001,0.002,-0.016603188440311334,1.8201487811231787,1.5432501403600143
2024-08-09,"BRK.B, AAPL",0.03816070249887027,2,0.03257386769519881,0.02694388208577664,0.02951077839003064,0.001,0.001,0.002,0.03616070249887027,1.8896069372633015,1.5990551495669127
2024-08-16,"BRK.B, JNJ",0.024846505355772597,2,0.010642382843496001,0.011714505887911208,0.02694388208577664,0.001,0.001,0.002,0.022846505355772595,1.936557066150319,1.6355879716056692
2024-08-23,"V, JNJ",0.025800643319594974,2,0.00952720775957212,0.024017623415440174,0.011714505887911208,0.001,0.001,0.002,0.023800643319594972,1.9865214842821048,1.6745160175356755
2024-08-30,"GOOGL, V",-0.03270453515545374,2,-0.0332607514033884,0.02421388166147076,0.024017623415440174,0.001,0.001,0.002,-0.03470453515545374,1.9215532225623364,1.6164027175367381
2024-09-06,"JNJ, V",0.017749763039066058,2,0.032532317402544655,0.04519848834099116,0.02421388166147076,0.001,0.001,0.002,0.015749763039066056,1.9556603369297714,1.6418606773136444
2024-09-13,"JNJ, BRK.B",0.004492968940078557,2,0.024155835803499438,0.023542335170688156,0.04519848834099116,0.001,0.001,0.002,0.0024929689400785566,1.9644470580809403,1.6459537849861237
2024-09-20,"JNJ, V",-0.025262104561074417,2,0.002015418481838249,0.03473410917637472,0.023542335170688156,0.001,0.001,0.002,-0.02726210456107442,1.9148209910950047,1.601081620797136
2024-09-27,"JNJ, AAPL",-0.0056116764085725745,2,0.0011993329171701484,0.02509408998343874,0.03473410917637472,0.001,0.001,0.002,-0.007611676408572575,1.9040756353126373,1.5888947055959153
2024-10-04,"AAPL, V",0.0014915024638377239,2,-0.009010356663248443,0.04649101063385761,0.02509408998343874,0.001,0.001,0.002,-0.0005084975361622762,1.9069155688140396,1.5880867565528987
2024-10-11,"V, AAPL",0.0393689196197724,2,0.012212375757068484,0.018922450708134267,0.04649101063385761,0.001,0.001,0.002,0.0373689196197724,1.981988774564372,1.647431842907749
2024-10-18,"AAPL, BRK.B",-0.01924536245925179,2,0.01348609179081096,0.07436640616884675,0.018922450708134267,0.001,0.001,0.002,-0.021245362459251793,1.9438446822077124,1.6124315562782607
2024-10-25,"JNJ, AAPL",-0.020696610487750455,2,-0.00477279407779031,0.03927553324457669,0.07436640616884675,0.001,0.001,0.002,-0.022696610487750457,1.9036136859713744,1.5758348253072558
2024-11-01,"JNJ, BRK.B",-0.0020877991675504193,2,0.05889180007858439,0.08535425398834344,0.03927553324457669,0.001,0.001,0.002,-0.004087799167550419,1.8996393229024657,1.569393129020168
2024-11-08,"BRK.B, TSLA",0.006634154424671357,2,-0.009929699654149138,0.026641421503591715,0.08535425398834344,0.001,0.001,0.002,0.004634154424671357,1.9122418235217786,1.5766659391330655
2024-11-15,"JNJ, AAPL",0.01462092662127501,2,0.010005743156224368,0.03742794282358764,0.026641421503591715,0.001,0.001,0.002,0.01262092662127501,1.9402005709056238,1.5965649242571278
2024-11-22,"TSLA, JNJ",-0.007002419079085276,2,0.017604744581562293,0.0198179780545493,0.03742794282358764,0.001,0.001,0.002,-0.009002419079085276,1.926614473410662,1.582191977721997
2024-11-29,"TSLA, JNJ",0.04543962530628587,2,0.03255601415378541,0.05560040687660181,0.0198179780545493,0.001,0.001,0.002,0.04343962530628587,2.0141591131921097,1.650921804396852
2024-12-06,"TSLA, BRK.B",0.047000006033340536,2,0.01722478264563655,0.049419800470281224,0.05560040687660181,0.001,0.001,0.002,0.045000006033340534,2.108824603664247,1.7252132955552837
2024-12-13,"V, JPM",-0.0001579977830618029,2,-0.011685370181601495,0.023297992835877596,0.049419800470281224,0.001,0.001,0.002,-0.002157997783061803,2.108491414052002,1.7214902890881667
2024-12-20,"TSLA, BRK.B",0.016239093607197996,2,0.007165719593427133,0.012166188690218273,0.023297992835877596,0.001,0.001,0.002,0.014239093607197996,2.142731403494766,1.7460027504583757
2024-12-27,"BRK.B, JNJ",-0.006195556203252017,2,-0.012412586925180435,0.020627245551429505,0.012166188690218273,0.001,0.001,0.002,-0.008195556203252017,2.129455990655941,1.7316932867859616
2025-01-03,"JNJ, V",-0.018818059304168744,2,-0.014952940628187006,0.016138692951068973,0.020627245551429505,0.001,0.001,0.002,-0.020818059304168746,2.0893837615381603,1.6956427932450207
2025-01-10,"JNJ, JPM",0.057701928856362716,2,0.033432935474231276,0.034386710339992556,0.016138692951068973,0.001,0.001,0.002,0.055701928856362715,2.2099452347000748,1.790093367480159
2025-01-17,"MSFT, V",0.03406722250040084,2,0.011801389731983525,0.03317406977297455,0.034386710339992556,0.001,0.001,0.002,0.03206722250040084,2.285231930724303,1.847496689791637
2025-01-24,"JNJ, V",0.03571655264086038,2,0.017718457521214502,0.03666952594569033,0.03317406977297455,0.001,0.001,0.002,0.033716552640860376,2.366852537274593,1.9097879091868117
2025-01-31,"JNJ, META",0.021571848070826793,2,-0.018011117508367414,0.049377783937482836,0.03666952594569033,0.001,0.001,0.002,0.01957184807082679,2.417909920614731,1.9471659879929182
2025-02-07,"JNJ, TSLA",0.0019023743954175165,2,0.014037288352248534,0.02569634878049491,0.049377783937482836,0.001,0.001,0.002,-9.762560458248352e-05,2.422509690538135,1.946975894736118
2025-02-14,"JNJ, META",-0.012201572595809007,2,-0.021408031529036153,0.035595344641715994,0.02569634878049491,0.001,0.001,0.002,-0.014201572595809007,2.392951262684983,1.9193257752247328
2025-02-21,"V, BRK.B",0.05699083004240746,2,-0.013750454746998953,0.055410367053958035,0.035595344641715994,0.001,0.001,0.002,0.05499083004240746,2.5293275413964276,2.0248710927261278
2025-02-28,"TSLA, MSFT",-0.05636198663267983,2,-0.038598952620228756,0.04094121012465354,0.055410367053958035,0.001,0.001,0.002,-0.05836198663267983,2.386769616318573,1.9066955930795455
2025-03-07,"TSLA, MSFT",-0.030194292768637776,2,-0.03137059037879909,0.036995493651949714,0.04094121012465354,0.001,0.001,0.002,-0.03219429276863778,2.3147027957521606,1.845310876935271
2025-03-14,"TSLA, MSFT",0.000934208259014746,2,0.005813650838962093,0.01722869326641439,0.036995493651949714,0.001,0.001,0.002,-0.001065791740985254,2.316865210221117,1.8433441598430833
2025-03-21,"JNJ, MSFT",-0.015678476058278823,2,-0.004789868623614202,0.03293171578888379,0.01722869326641439,0.001,0.001,0.002,-0.017678476058278825,2.280540294492406,1.8107566442461291
2025-03-28,"JNJ, MSFT",-0.05700370114818376,2,-0.09128593556352267,0.03242152856449736,0.03293171578888379,0.001,0.001,0.002,-0.05900370114818376,2.1505410570887697,1.7039153003569425
2025-04-04,"META, AMZN",0.07903158951737377,2,0.06625706397311806,0.03350913017059139,0.03242152856449736,0.001,0.001,0.002,0.07703158951737377,2.320501735152868,1.8351706043464113
2025-04-11,"BRK.B, TSLA",-0.027308239446019844,2,-0.02870255178340141,0.03392675791290749,0.03350913017059139,0.001,0.001,0.002,-0.029308239446019846,2.2571329181344093,1.78138498484993
2025-04-18,"TSLA, META",0.13593122679085756,2,0.06391811497947958,0.05384873895780732,0.03392675791290749,0.001,0.001,0.002,0.13393122679085756,2.5639477647264477,2.0199680612576945
2025-04-25,"BRK.B, AAPL",-0.0010647959431484555,2,0.03093968515834027,0.04039632607218544,0.05384873895780732,0.001,0.001,0.002,-0.0030647959431484555,2.5612176835481226,2.0137772713382622
2025-05-02,"JPM, JNJ",-0.0049564159017339016,2,-0.009093361930538923,0.03258230489597335,0.04039632607218544,0.001,0.001,0.002,-0.006956415901733902,2.5485232234935826,1.9997685991053744
2025-05-09,"V, TSLA",0.10540478323841096,2,0.05868825436798915,0.052507224217464114,0.03258230489597335,0.001,0.001,0.002,0.10340478323841096,2.8171497614439804,2.206554237622846
2025-05-16,"JNJ, META",-0.005050038443212557,2,-0.021226289683027533,0.024870982048752606,0.052507224217464114,0.001,0.001,0.002,-0.007050038443212557,2.802923046848401,2.1909979454205715
2025-05-23,"META, JNJ",0.028061657178487964,2,0.021426994932529354,0.009519845714043594,0.024870982048752606,0.001,0.001,0.002,0.026061657178487962,2.881577712486744,2.248098982752894
2025-05-30,"MSFT, JNJ",0.010303015747456623,2,0.0018006505025033315,0.05884588926535303,0.009519845714043594,0.001,0.001,0.002,0.008303015747456623,2.911266653036015,2.266764984008532
2025-06-06,"TSLA, JNJ",0.05778744651229195,2,0.0005454124268141402,0.04077900408160672,0.05884588926535303,0.001,0.001,0.002,0.05578744651229195,3.0795013190313525,2.3932220143098446
2025-06-13,"GOOGL, META",-0.022982503984579683,2,-0.00932994060309238,0.02848180925209427,0.04077900408160672,0.001,0.001,0.002,-0.024982503984579685,3.008726667696196,2.3334333358013652
2025-06-20,"MSFT, JPM",0.04143581137392882,2,0.034809851606682415,0.028849993091584546,0.02848180925209427,0.001,0.001,0.002,0.03943581137392882,3.133395698374565,2.4254541726856655
2025-06-27,"MSFT, BRK.B",0.002223718642469008,2,0.011599712767458659,0.02652729636442796,0.028849993091584546,0.001,0.001,0.002,0.00022371864246900804,3.1403634888032728,2.4259967920005496
2025-07-04,"MSFT, BRK.B",-0.004932240369240115,2,-0.007372573722249453,0.015037142380475894,0.02652729636442796,0.001,0.001,0.002,-0.006932240369240115,3.1248744612297097,2.4091791991033964
2025-07-11,"MSFT, BRK.B",0.004521047479744689,2,0.013607149595178347,0.021643981262218424,0.015037142380475894,0.001,0.001,0.002,0.0025210474797446886,3.1390021670371704,2.4152528542515497
2025-07-18,"MSFT, BRK.B",0.014425834567004747,2,0.01559236335303037,0.02241632283446951,0.021643981262218424,0.001,0.001,0.002,0.012425834567004747,3.184284893004318,2.4452643866559653
2025-07-25,"MSFT, BRK.B",-0.0014771594660435983,2,-0.022619917752155015,0.03705729241097914,0.02241632283446951,0.001,0.001,0.002,-0.0034771594660435983,3.1795811964320366,2.4367618124469255
2025-08-01,"BRK.B, MSFT",-0.009842133579610723,2,0.03567144014967103,0.0481528944421871,0.03705729241097914,0.001,0.001,0.002,-0.011842133579610723,3.148287333569534,2.4079053535622346
2025-08-08,"BRK.B, MSFT",0.010886243649244898,2,0.015563781232243723,0.01224944742119474,0.0481528944421871,0.001,0.001,0.002,0.008886243649244898,3.1825603565606038,2.42930258721831
2025-08-15,"MSFT, BRK.B",0.0007270859074205438,2,0.002696596505250626,0.022991541978566874,0.01224944742119474,0.001,0.001,0.002,-0.0012729140925794562,3.1848743513453748,2.4262102937198997
2025-08-22,"MSFT, AAPL",0.00908306881493448,2,0.005905675124556897,0.018460131004193317,0.022991541978566874,0.001,0.001,0.002,0.007083068814934481,3.213802784245565,2.4433953081898205
2025-08-29,"MSFT, JNJ",-0.00797974760526482,2,0.015022878943701912,0.04009460084879027,0.018460131004193317,0.001,0.001,0.002,-0.00997974760526482,3.1881574491741884,2.419010839714198
2025-09-05,"JNJ, MSFT",0.014013712777228682,2,0.016436360976289043,0.0451649859714241,0.04009460084879027,0.001,0.001,0.002,0.012013712777228682,3.232835371955497,2.448072141147527
2025-09-12,"JNJ, GOOGL",0.02365268181723379,2,0.02630025889796871,0.02745318074758325,0.0451649859714241,0.001,0.001,0.002,0.021652681817233788,3.3093005983758594,2.5010794682854285
2025-09-19,"GOOGL, JNJ",-0.006067659816375026,2,-0.003859060125202707,0.031753589680895145,0.02745318074758325,0.001,0.001,0.002,-0.008067659816375026,3.289220888114788,2.4809016099615815
2025-09-26,"TSLA, JNJ",0.012845080613156923,2,0.0011870517623288833,0.02792285303369596,0.031753589680895145,0.001,0.001,0.002,0.010845080613156923,3.3314711955771026,2.507807187914926
2025-10-03,"MSFT, BRK.B",-0.015819737639712506,2,-0.020799200108312,0.01723478518770586,0.02792285303369596,0.001,0.001,0.002,-0.017819737639712507,3.2787681953088135,2.463118721775297
2025-10-10,"BRK.B, MSFT",0.005926935182433368,2,0.017164297487515755,0.029200217751580937,0.01723478518770586,0.001,0.001,0.002,0.003926935182433368,3.298201241880633,2.472791229342347
2025-10-17,"BRK.B, TSLA",-0.006687179063596116,2,0.01675069456541308,0.022037631931144424,0.029200217751580937,0.001,0.001,0.002,-0.008687179063596116,3.2761455795884022,2.45130964914616
2025-10-24,"BRK.B, JPM",0.002980201662289572,2,0.00982948557856168,0.06222393541938344,0.022037631931144424,0.001,0.001,0.002,0.0009802016622895721,3.2859091540905943,2.4537124269390396
2025-10-31,"JNJ, V",-0.013014920703191102,2,-0.012652663787793384,0.029492512663977708,0.06222393541938344,0.001,0.001,0.002,-0.015014920703191102,3.2431433070122155,2.4168701294201154
2025-11-07,"V, JNJ",0.01712904132293752,2,-0.006388170373949342,0.03389438518878686,0.029492512663977708,0.001,0.001,0.002,0.015129041322937522,3.2986952427342358,2.4534350574802857
2025-11-14,"V, AMZN",-0.03291724786164457,2,-0.010307886916364806,0.04560128640097941,0.03389438518878686,0.001,0.001,0.002,-0.034917247861644574,3.190111273809125,2.367767857465798
2025-11-21,"V, AAPL",0.023403001781641453,2,0.049565266787024796,0.029393236405859547,0.04560128640097941,0.001,0.001,0.002,0.02140300178164145,3.264769453633715,2.4184451971376517
2025-11-28,"V, GOOGL",-0.003082011176660626,2,0.00205191437486274,0.026816981373941527,0.029393236405859547,0.001,0.001,0.002,-0.005082011176660626,3.2547073976883953,2.406154631615657
2025-12-05,"BRK.B, V",0.020263732391843314,2,0.00021324634576240785,0.03093086712708622,0.026816981373941527,0.001,0.001,0.002,0.018263732391843313,3.3206599174089058,2.45009999590088
2025-12-12,"BRK.B, AAPL",-0.013277736518522154,2,0.00343357804157548,0.02135501722637835,0.03093086712708622,0.001,0.001,0.002,-0.015277736518522154,3.2765690699579326,2.412668013719474
2025-12-19,"BRK.B, AAPL",0.003318391454977032,2,0.010440677871671144,0.013234284734660451,0.02135501722637835,0.001,0.001,0.002,0.001318391454977032,3.287442008761323,2.415848854612458
2025-12-26,"BRK.B, AAPL",0.0015484124455435455,2,-0.01053633063801932,0.016594117226454572,0.013234284734660451,0.001,0.001,0.002,-0.00045158755445645453,3.2925323248816922,2.4147578873362674
